座號,姓名,國文,英文,數學,理化,歷史,地理,公民,社會
1,張X德,76,64,40,63,70,80,1,2
2,張X芬,30,68,90,40,65,77,1,2
3,黃X瑤,67,75,68,74,80,43,1,2
4,柯X華,77,80,85,40,70,83,1,2
5,林X和,80,74,45,73,73,60,1,2
6,梅X珍,88,54,70,64,50,83,1,2
7,宋X娥,80,81,50,40,86,90,1,2
8,郭X良,60,53,65,95,82,50,1,2
9,何X興,80,60,75,34,45,90,1,2
10,林X蘋,85,77,56,60,45,88,1,2
11,王X東,78,64,40,63,70,80,2,1
12,張X發,50,55,74,53,70,68,1,2
13,呂X敬,60,70,53,74,56,80,1,2
14,王X智,63,80,77,54,41,85,1,2
15,江X豪,86,53,80,50,46,87,1,2
16,郭X祥,80,40,63,75,65,73,1,2
17,張X生,74,80,43,74,66,77,1,2
18,鄭X志,88,50,70,63,50,70,1,2
19,林X慶,72,63,48,83,60,85,1,2
20,周X邦,78,64,40,63,70,80,1,2